id,statement,answer,formal_statement,lean_header,informal_proof,split
numbertheory_nckeqnm1ckpnm1ckm1,"Show that for positive integers $n$ and $k$ with $k \leq n$, we have 
$\binom{n}{k} = \binom{n-1}{k} + \binom{n-1}{k-1}$.",,"theorem numbertheory_nckeqnm1ckpnm1ckm1 (n k : ℕ) (h₀ : 0 < n ∧ 0 < k) (h₁ : k ≤ n) :
  Nat.choose n k = Nat.choose (n - 1) k + Nat.choose (n - 1) (k - 1) := by","import Mathlib
import Aesop

set_option maxHeartbeats 0

open BigOperators Real Nat Topology Rat

",,test
mathd_numbertheory_640,Find the remainder when $91145 + 91146 + 91147 + 91148$ is divided by 4. Show that it is 2.,,theorem mathd_numbertheory_640 : (91145 + 91146 + 91147 + 91148) % 4 = 2 := by,"import Mathlib
import Aesop

set_option maxHeartbeats 0

open BigOperators Real Nat Topology Rat

",,test
mathd_numbertheory_403,The sum of the proper divisors of 18 is 21. What is the sum of the proper divisors of 198? Show that it is 270.,,"theorem mathd_numbertheory_403 
  (h₀: (∑ k ∈ Nat.properDivisors 18, k) = 21) : 
  (∑ k ∈ Nat.properDivisors 198, k) = 270 := by","import Mathlib
import Aesop

set_option maxHeartbeats 0

open BigOperators Real Nat Topology Rat

",,test
mathd_numbertheory_296,"What is the smallest positive integer, other than $1$, that is both a perfect cube and a perfect fourth power? Show that it is 4096.",,"theorem mathd_numbertheory_296
  (S : Set ℕ)
  (hS :  S = {n | 0 < n ∧ n ≠ 1 ∧ ∃ x, x ^ 3 = n ∧ ∃ t, t ^ 4 = n}) :
  IsLeast S 4096 := by","import Mathlib
import Aesop

set_option maxHeartbeats 0

open BigOperators Real Nat Topology Rat

",,valid
mathd_numbertheory_284,What positive two-digit integer is exactly twice the sum of its digits? Show that it is 18.,,"theorem mathd_numbertheory_284
  (x : ℕ)
  (h₀ : 0 < x)
  (h₁ : (Nat.digits 10 x).length = 2)
  (h₁ : 2 * (Nat.digits 10 x).sum = x) :
  x = 18 := by","import Mathlib
import Aesop

set_option maxHeartbeats 0

open BigOperators Real Nat Topology Rat

",,test
mathd_numbertheory_247,"Solve the congruence $3n \equiv 2 \pmod{11}$, as a residue modulo 11.  (Give an answer between 0 and 10.) Show that it is 8.",,theorem mathd_numbertheory_247 (n : ℕ) (h₀ : 3 * n ≡ 2 [MOD 11]) : n % 11 = 8 := by,"import Mathlib
import Aesop

set_option maxHeartbeats 0

open BigOperators Real Nat Topology Rat

",,valid
mathd_numbertheory_92,"Solve the congruence $5n \equiv 8 \pmod{17}$, as a residue modulo 17.  (Give an answer between 0 and 16.) Show that it is 5.",,theorem mathd_numbertheory_92 : {n : ZMod 17 | 5 * n.val ≡ 8 [ZMOD 17]} = {5} := by ,"import Mathlib
import Aesop

set_option maxHeartbeats 0

open BigOperators Real Nat Topology Rat

",,test
